{"stats":{"minecraft:custom":{"minecraft:jump":40,"minecraft:time_since_rest":6270,"minecraft:crouch_one_cm":470,"minecraft:leave_game":1,"minecraft:sprint_one_cm":5050,"minecraft:play_time":6270,"minecraft:time_since_death":6270,"minecraft:walk_one_cm":3435,"minecraft:sneak_time":187,"minecraft:climb_one_cm":466,"minecraft:total_world_time":6270,"minecraft:drop":2,"minecraft:fly_one_cm":136877},"minecraft:dropped":{"minecraft:trident":1,"immersivecaves:immersive_caves_guide":1}},"DataVersion":3465}