{"stats":{"minecraft:picked_up":{"born_in_chaos_v1:corpse_maggot":1,"minecraft:crafting_table":1,"minecraft:magma_block":2,"minecraft:anvil":4,"minecraft:smithing_table":1,"minecraft:oak_log":52,"gravestone:obituary":4,"minecraft:brewing_stand":2,"skilltree:gem":6,"minecraft:dirt":9,"minecraft:lantern":5,"minecraft:moss_carpet":8,"minecraft:wheat_seeds":2,"minecraft:cobbled_deepslate":12,"minecraft:grindstone":1,"minecraft:iron_ingot":64,"minecraft:poppy":1,"minecraft:melon_slice":241,"minecraft:oak_planks":59,"minecraft:furnace":1,"minecraft:book":117,"minecraft:jukebox":3,"minecraft:porkchop":2,"minecraft:blast_furnace":2,"minecraft:white_bed":2,"minecraft:spruce_log":10,"minecraft:stripped_jungle_log":2,"minecraft:soul_lantern":2,"minecraft:hay_block":5,"minecraft:oak_sapling":1,"born_in_chaos_v1:rotten_fish":3,"minecraft:mutton":4,"minecraft:coal":23,"minecraft:white_wool":3,"minecraft:cobblestone":12},"minecraft:mined":{"minecraft:smithing_table":1,"minecraft:white_bed":2,"minecraft:smoker":1,"biomesoplenty:desert_grass":1,"minecraft:soul_lantern":2,"minecraft:brewing_stand":2,"minecraft:crafting_table":1,"minecraft:blast_furnace":2,"minecraft:grass_block":3,"minecraft:poppy":1,"minecraft:melon":45,"minecraft:cobblestone":1,"minecraft:spruce_leaves":4,"biomesoplenty:sprout":1,"minecraft:grindstone":1,"minecraft:seagrass":1,"minecraft:hay_block":5,"minecraft:magma_block":2,"minecraft:furnace":1,"minecraft:fire":2,"minecraft:spruce_log":10,"minecraft:jukebox":2,"minecraft:moss_carpet":3,"minecraft:anvil":4,"minecraft:grass":47,"minecraft:bookshelf":39,"minecraft:oak_log":49,"minecraft:coal_ore":23,"minecraft:lantern":5,"minecraft:dirt":6,"minecraft:stripped_jungle_log":2,"minecraft:stone":12,"minecraft:oak_leaves":2,"minecraft:fern":2},"minecraft:dropped":{"minecraft:iron_ingot":64,"minecraft:oak_log":4,"minecraft:cobbled_deepslate":5,"minecraft:jukebox":1,"minecraft:poppy":1,"skilltree:gem":1,"gravestone:obituary":1,"minecraft:wooden_pickaxe":1},"minecraft:crafted":{"minecraft:oak_planks":80,"minecraft:crafting_table":1,"minecraft:spruce_planks":20,"minecraft:wooden_pickaxe":1,"minecraft:baked_potato":29,"minecraft:stone_axe":3,"minecraft:cooked_mutton":2,"minecraft:air":0,"minecraft:stick":16,"minecraft:stone_pickaxe":1,"minecraft:chest":1,"minecraft:white_bed":1,"minecraft:torch":16},"minecraft:used":{"minecraft:cooked_mutton":1,"minecraft:writable_book":2,"minecraft:stone_pickaxe":54,"minecraft:baked_potato":2,"minecraft:chest":1,"minecraft:wooden_pickaxe":10,"minecraft:torch":1,"minecraft:brewing_stand":2,"minecraft:anvil":4,"minecraft:mutton":2,"minecraft:crafting_table":2,"minecraft:blast_furnace":2,"minecraft:white_bed":3,"minecraft:lantern":2,"minecraft:melon_slice":4,"minecraft:soul_lantern":2,"minecraft:stone_axe":168,"born_in_chaos_v1:rotten_fish":2,"minecraft:smithing_table":1,"minecraft:grindstone":1,"minecraft:furnace":1,"minecraft:porkchop":2,"minecraft:iron_leggings":1,"minecraft:jukebox":2},"minecraft:killed":{"minecraft:pig":1,"minecraft:sheep":3,"born_in_chaos_v1:corpse_fly":2,"born_in_chaos_v1:corpse_fish":4},"minecraft:custom":{"minecraft:interact_with_furnace":12,"minecraft:mob_kills":10,"minecraft:interact_with_crafting_table":14,"minecraft:open_barrel":4,"minecraft:leave_game":3,"minecraft:time_since_death":57540,"minecraft:sleep_in_bed":5,"minecraft:climb_one_cm":1369,"minecraft:time_since_rest":7612,"minecraft:sprint_one_cm":83882,"minecraft:damage_taken":391,"minecraft:walk_one_cm":128851,"minecraft:drop":75,"minecraft:damage_dealt":996,"minecraft:swim_one_cm":3427,"minecraft:fly_one_cm":103944,"minecraft:player_kills":1,"minecraft:open_chest":54,"minecraft:crouch_one_cm":858,"minecraft:play_time":58349,"minecraft:deaths":1,"minecraft:sneak_time":686,"minecraft:walk_under_water_one_cm":1627,"minecraft:jump":557,"minecraft:walk_on_water_one_cm":4267,"minecraft:total_world_time":58349,"minecraft:interact_with_smoker":1,"minecraft:fall_one_cm":12759},"minecraft:broken":{"minecraft:stone_axe":1}},"DataVersion":3465}