{"stats":{"minecraft:picked_up":{"born_in_chaos_v1:corpse_maggot":1,"minecraft:crafting_table":1,"minecraft:magma_block":2,"minecraft:anvil":2,"minecraft:smithing_table":1,"minecraft:oak_log":52,"gravestone:obituary":3,"minecraft:brewing_stand":1,"skilltree:gem":5,"minecraft:dirt":9,"minecraft:lantern":5,"minecraft:moss_carpet":8,"minecraft:wheat_seeds":2,"minecraft:cobbled_deepslate":12,"minecraft:grindstone":1,"minecraft:iron_ingot":64,"minecraft:poppy":1,"minecraft:melon_slice":241,"minecraft:oak_planks":56,"minecraft:furnace":1,"minecraft:book":117,"minecraft:jukebox":1,"minecraft:porkchop":2,"minecraft:blast_furnace":2,"minecraft:spruce_log":10,"minecraft:stripped_jungle_log":2,"minecraft:hay_block":5,"minecraft:oak_sapling":1,"born_in_chaos_v1:rotten_fish":3,"minecraft:mutton":4,"minecraft:coal":23,"minecraft:white_wool":3,"minecraft:cobblestone":11},"minecraft:mined":{"minecraft:smithing_table":1,"minecraft:smoker":1,"biomesoplenty:desert_grass":1,"minecraft:brewing_stand":1,"minecraft:crafting_table":1,"minecraft:blast_furnace":2,"minecraft:grass_block":3,"minecraft:poppy":1,"minecraft:melon":45,"minecraft:spruce_leaves":4,"biomesoplenty:sprout":1,"minecraft:grindstone":1,"minecraft:seagrass":1,"minecraft:hay_block":5,"minecraft:magma_block":2,"minecraft:furnace":1,"minecraft:fire":2,"minecraft:spruce_log":10,"minecraft:jukebox":1,"minecraft:moss_carpet":3,"minecraft:anvil":2,"minecraft:grass":47,"minecraft:bookshelf":39,"minecraft:oak_log":49,"minecraft:coal_ore":23,"minecraft:lantern":5,"minecraft:dirt":6,"minecraft:stripped_jungle_log":2,"minecraft:stone":12,"minecraft:oak_leaves":2,"minecraft:fern":2},"minecraft:dropped":{"minecraft:iron_ingot":64,"minecraft:oak_log":4,"minecraft:cobbled_deepslate":5,"minecraft:poppy":1},"minecraft:crafted":{"minecraft:oak_planks":80,"minecraft:crafting_table":1,"minecraft:spruce_planks":20,"minecraft:wooden_pickaxe":1,"minecraft:baked_potato":5,"minecraft:stone_axe":2,"minecraft:cooked_mutton":2,"minecraft:stick":12,"minecraft:stone_pickaxe":1,"minecraft:chest":1,"minecraft:white_bed":1,"minecraft:torch":16},"minecraft:used":{"minecraft:cooked_mutton":1,"minecraft:writable_book":1,"minecraft:stone_pickaxe":48,"minecraft:baked_potato":1,"minecraft:chest":1,"minecraft:wooden_pickaxe":8,"minecraft:torch":1,"minecraft:mutton":2,"minecraft:crafting_table":2,"minecraft:white_bed":1,"minecraft:lantern":2,"minecraft:melon_slice":1,"minecraft:stone_axe":166,"born_in_chaos_v1:rotten_fish":2,"minecraft:grindstone":1,"minecraft:furnace":1,"minecraft:porkchop":2},"minecraft:killed":{"minecraft:pig":1,"minecraft:sheep":3,"born_in_chaos_v1:corpse_fly":2,"born_in_chaos_v1:corpse_fish":3},"minecraft:custom":{"minecraft:interact_with_furnace":7,"minecraft:mob_kills":9,"minecraft:interact_with_crafting_table":10,"minecraft:leave_game":1,"minecraft:time_since_death":40702,"minecraft:sleep_in_bed":3,"minecraft:climb_one_cm":1369,"minecraft:time_since_rest":10728,"minecraft:sprint_one_cm":67472,"minecraft:damage_taken":270,"minecraft:walk_one_cm":98996,"minecraft:drop":71,"minecraft:damage_dealt":831,"minecraft:swim_one_cm":3275,"minecraft:fly_one_cm":93389,"minecraft:open_chest":32,"minecraft:crouch_one_cm":858,"minecraft:play_time":41511,"minecraft:deaths":1,"minecraft:sneak_time":661,"minecraft:walk_under_water_one_cm":1039,"minecraft:jump":442,"minecraft:walk_on_water_one_cm":3208,"minecraft:interact_with_smoker":1,"minecraft:total_world_time":41511,"minecraft:fall_one_cm":10555},"minecraft:broken":{"minecraft:stone_axe":1}},"DataVersion":3465}