{"stats":{"minecraft:picked_up":{"minecraft:iron_chestplate":1,"minecraft:cocoa_beans":27,"minecraft:crafting_table":2,"minecraft:ladder":2,"iceandfire:fire_lily":2,"aether:iron_gloves":5,"minecraft:pink_wool":22,"minecraft:oak_stairs":1,"minecraft:wither_rose":1,"gravestone:obituary":15,"minecraft:string":7,"minecraft:red_bed":7,"minecraft:iron_leggings":1,"graveyard:sarcophagus":1,"minecraft:iron_shovel":2,"graveyard:corruption":4,"minecraft:candle":3,"minecraft:cobbled_deepslate":124,"minecraft:beef":8,"minecraft:poppy":12,"minecraft:iron_pickaxe":5,"minecraft:light_gray_wool":1,"biomesoplenty:wildflower":1,"minecraft:melon_slice":56,"minecraft:chest":2,"biomesoplenty:hanging_cobweb":2,"minecraft:iron_boots":1,"minecraft:furnace":1,"minecraft:dark_oak_sapling":1,"minecraft:stick":2,"minecraft:raw_iron":32,"biomesoplenty:stringy_cobweb":2,"minecraft:torch":4,"minecraft:cookie":75,"minecraft:vine":26,"minecraft:carrot":1,"minecraft:dark_oak_planks":70,"born_in_chaos_v1:fried_maggot":2,"minecraft:arrow":21,"minecraft:rotten_flesh":17,"minecraft:iron_block":2,"born_in_chaos_v1:spiny_shell":3,"minecraft:mutton":1,"minecraft:white_wool":47,"minecraft:cobblestone":173,"minecraft:cracked_deepslate_tiles":1,"born_in_chaos_v1:fused_bone":1,"minecraft:feather":1,"born_in_chaos_v1:monster_flesh":2,"minecraft:glow_ink_sac":10,"minecraft:andesite":17,"minecraft:jungle_log":40,"minecraft:brown_wool":47,"minecraft:leather":4,"minecraft:jungle_wood":15,"minecraft:flint":1,"minecraft:oak_log":39,"minecraft:gunpowder":6,"minecraft:lapis_lazuli":20,"skilltree:gem":15,"minecraft:dirt":59,"minecraft:white_banner":1,"born_in_chaos_v1:monster_skin":1,"minecraft:cooked_mutton":1,"minecraft:glass":32,"minecraft:bone":23,"minecraft:wheat_seeds":11,"minecraft:raw_gold":2,"minecraft:iron_ingot":17,"minecraft:cobweb":8,"minecraft:iron_sword":2,"minecraft:oak_planks":1,"biomesoplenty:mahogany_planks":8,"minecraft:book":10,"biomesoplenty:toadstool":1,"graveyard:fire_brazier":1,"minecraft:dark_oak_slab":11,"minecraft:red_wool":8,"minecraft:quartz":2,"minecraft:gravel":2,"minecraft:sand":342,"minecraft:white_bed":8,"minecraft:jungle_slab":2,"minecraft:dark_oak_log":24,"minecraft:spider_eye":3,"minecraft:jungle_leaves":2,"minecraft:oak_wood":1,"biomesoplenty:mahogany_log":42,"graveyard:vase_block":1,"minecraft:soul_lantern":9,"waystones:waystone":2,"minecraft:iron_helmet":1,"minecraft:crossbow":1,"minecraft:bone_meal":2,"minecraft:emerald":4,"minecraft:bread":6,"minecraft:oak_sapling":1,"born_in_chaos_v1:rotten_fish":5,"minecraft:dark_oak_fence":2,"minecraft:coal":51,"minecraft:oak_leaves":49,"iceandfire:raw_silver":3},"minecraft:mined":{"minecraft:dark_oak_planks":70,"minecraft:tuff":4,"minecraft:white_bed":8,"iceandfire:silver_ore":3,"minecraft:candle":1,"minecraft:dark_oak_leaves":14,"biomesoplenty:desert_grass":4,"minecraft:dark_oak_log":24,"minecraft:jungle_leaves":33,"minecraft:dark_oak_fence":2,"minecraft:ladder":1,"gravestone:gravestone":31,"minecraft:grass_block":5,"minecraft:brown_wool":47,"born_in_chaos_v1:black_argillite":1,"minecraft:jungle_log":40,"minecraft:pink_wool":22,"minecraft:large_fern":4,"minecraft:tall_seagrass":1,"minecraft:furnace":1,"minecraft:iron_ore":26,"minecraft:fire":1,"minecraft:cobbled_deepslate":28,"minecraft:andesite":9,"minecraft:deepslate_lapis_ore":3,"biomesoplenty:hanging_cobweb":14,"minecraft:bookshelf":3,"minecraft:vine":27,"minecraft:deepslate_iron_ore":6,"biomesoplenty:webbing":3,"minecraft:brain_coral_wall_fan":2,"minecraft:iron_block":2,"minecraft:stone":68,"minecraft:white_wool":28,"minecraft:red_wool":8,"minecraft:red_bed":7,"graveyard:fire_brazier":1,"minecraft:soul_lantern":8,"minecraft:crafting_table":3,"minecraft:oak_wood":1,"minecraft:poppy":11,"minecraft:melon":10,"minecraft:chest":2,"iceandfire:fire_lily":2,"resource_ghouls:quartz_ore":2,"minecraft:glass":9,"minecraft:tall_grass":7,"minecraft:cobblestone":1,"biomesoplenty:sprout":10,"minecraft:deepslate_gold_ore":1,"minecraft:seagrass":1,"minecraft:dark_oak_slab":9,"minecraft:jungle_wood":8,"biomesoplenty:mahogany_log":43,"minecraft:grass":47,"minecraft:coal_ore":47,"minecraft:oak_log":27,"minecraft:cocoa":1,"minecraft:gravel":2,"minecraft:dirt":18,"minecraft:sand":314,"biomesoplenty:stringy_cobweb":3,"minecraft:cobweb":3,"minecraft:gold_ore":1,"minecraft:deepslate":116,"minecraft:oak_leaves":62,"minecraft:fern":54},"minecraft:dropped":{"minecraft:bread":1,"minecraft:wheat_seeds":3,"minecraft:oak_log":22,"minecraft:glow_ink_sac":10,"minecraft:cookie":5,"minecraft:feather":2,"minecraft:cobblestone":118,"biomesoplenty:mahogany_planks":8,"minecraft:stick":2,"gravestone:obituary":3,"minecraft:sand":1,"minecraft:iron_pickaxe":4,"minecraft:iron_shovel":1,"minecraft:string":6,"minecraft:dark_oak_planks":29,"minecraft:white_wool":13,"immersivecaves:immersive_caves_guide":1,"minecraft:cobbled_deepslate":64,"minecraft:iron_boots":1,"minecraft:shield":1,"minecraft:andesite":16,"minecraft:jungle_log":1},"minecraft:crafted":{"minecraft:oak_planks":44,"biomesoplenty:mahogany_planks":40,"minecraft:furnace":2,"minecraft:bone_meal":6,"minecraft:pink_dye":12,"minecraft:cooked_mutton":1,"minecraft:glass":262,"minecraft:dark_oak_fence":3,"minecraft:iron_axe":1,"minecraft:chest":2,"minecraft:dark_oak_planks":96,"minecraft:red_dye":12,"minecraft:jungle_wood":15,"minecraft:crafting_table":6,"minecraft:baked_potato":55,"minecraft:iron_sword":1,"minecraft:red_wool":6,"minecraft:oak_wood":6,"minecraft:jungle_slab":6,"minecraft:air":0,"minecraft:bread":13,"minecraft:jungle_planks":8,"minecraft:dark_oak_slab":12,"minecraft:pink_wool":12,"minecraft:shield":1,"minecraft:white_dye":6,"minecraft:stick":20,"minecraft:iron_ingot":35,"minecraft:iron_pickaxe":1,"minecraft:wooden_axe":1,"minecraft:white_bed":1,"minecraft:torch":12,"minecraft:shears":1},"minecraft:killed_by":{"minecraft:husk":5,"born_in_chaos_v1:nightmare_stalker":2,"born_in_chaos_v1:zombie_bruiser":1,"born_in_chaos_v1:dark_vortex":1,"graveyard:skeleton_creeper":1,"apollyon:the_damned":4,"born_in_chaos_v1:spirit_guide_assistant":1,"iceandfire:ghost":4,"cave_dweller:cave_dweller":1,"born_in_chaos_v1:dread_hound":2},"minecraft:used":{"biomesoplenty:mahogany_planks":12,"minecraft:iron_shovel":322,"minecraft:chest":4,"minecraft:iron_sword":259,"minecraft:iron_chestplate":1,"minecraft:torch":11,"minecraft:dirt":36,"minecraft:jungle_slab":6,"minecraft:oak_wood":1,"minecraft:dark_oak_planks":125,"minecraft:glass":273,"minecraft:wooden_axe":71,"minecraft:red_wool":8,"minecraft:iron_axe":262,"minecraft:iron_helmet":1,"minecraft:dark_oak_slab":23,"minecraft:iron_boots":1,"minecraft:pink_wool":34,"minecraft:furnace":3,"minecraft:cobbled_deepslate":43,"minecraft:iron_leggings":1,"minecraft:cooked_mutton":2,"minecraft:baked_potato":15,"minecraft:cookie":34,"minecraft:oak_leaves":23,"minecraft:jungle_wood":23,"minecraft:sand":3,"minecraft:crafting_table":7,"minecraft:red_bed":7,"minecraft:white_bed":7,"minecraft:shears":52,"minecraft:oak_log":1,"waystones:waystone":1,"minecraft:iron_pickaxe":369,"minecraft:bread":22,"minecraft:brown_wool":47,"minecraft:soul_lantern":5,"minecraft:cobblestone":1,"minecraft:dark_oak_fence":2},"minecraft:killed":{"minecraft:spider":4,"graveyard:wraith":1,"born_in_chaos_v1:thornshell_crab":1,"minecraft:skeleton":12,"graveyard:acolyte":1,"resource_ghouls:coal_stonebore":1,"born_in_chaos_v1:corpse_fish":6,"resource_ghouls:emerald_stonebore":1,"minecraft:iron_golem":2,"minecraft:bat":1,"minecraft:sheep":1,"minecraft:pillager":5,"minecraft:zombie":12,"born_in_chaos_v1:dread_hound":2,"graveyard:corrupted_pillager":6,"apollyon:the_damned":1,"minecraft:cow":4},"minecraft:custom":{"minecraft:mob_kills":62,"minecraft:interact_with_crafting_table":23,"minecraft:open_barrel":32,"minecraft:damage_dealt_resisted":19,"minecraft:leave_game":13,"minecraft:time_since_death":14191,"minecraft:climb_one_cm":15798,"minecraft:sprint_one_cm":654783,"minecraft:walk_one_cm":852557,"minecraft:drop":33,"minecraft:talked_to_villager":3,"minecraft:play_time":380065,"minecraft:sneak_time":8766,"minecraft:deaths":37,"minecraft:walk_under_water_one_cm":136923,"minecraft:jump":6524,"minecraft:walk_on_water_one_cm":82653,"minecraft:total_world_time":380065,"minecraft:interact_with_furnace":46,"minecraft:sleep_in_bed":21,"minecraft:waystone_activated":4,"minecraft:time_since_rest":433,"minecraft:damage_taken":12389,"minecraft:damage_dealt":14051,"minecraft:player_kills":2,"minecraft:swim_one_cm":144586,"minecraft:fly_one_cm":662138,"minecraft:open_chest":112,"minecraft:crouch_one_cm":19216,"minecraft:fall_one_cm":205589},"minecraft:broken":{"minecraft:iron_shovel":1,"minecraft:iron_pickaxe":1,"minecraft:wooden_axe":1}},"DataVersion":3465}